linenum,url
1,https://www.njuskalo.hr/nekretnine/stan-vinkovci-80.26-m2-novogradnja-oglas-42212746
2,https://www.njuskalo.hr/nekretnine/126-vukovar-olajnica-17-25-stan-44.20-m2-4-kat-bez-lifta-zatvoreno-oglas-41481257
3,https://www.njuskalo.hr/nekretnine/119-vukovar-vijenac-rudera-boskovica-3-26-stan-54.50-m2-5-kat-zg-oglas-39690663
4,https://www.njuskalo.hr/nekretnine/prodajem-stan-76.92-m2-strogi-centar-grada-oglas-41370924
5,https://www.njuskalo.hr/nekretnine/trosoban-stan-borovo-naselje-oglas-40065661
6,https://www.njuskalo.hr/nekretnine/stan-vinkovci-centar-anina-ulica-257.00-m2-oglas-42052884
7,https://www.njuskalo.hr/nekretnine/jarun-ulica-ante-pandakovica-oglas-41127056
8,https://www.njuskalo.hr/nekretnine/stan-zupanja-74.00-m2-oglas-41180442
9,https://www.njuskalo.hr/nekretnine/vukovar-prodaja-3-soban-stan-72-m2-1-kat-oglas-41103589
10,https://www.njuskalo.hr/nekretnine/117-vukovar-vijeca-europe-1-1-odlican-dvoetazni-stan-53.80-m2-prize-oglas-39009258
11,https://www.njuskalo.hr/nekretnine/stan-vinkovcima-59m2-visoko-prizemlje-lapovci-oglas-41785432
12,https://www.njuskalo.hr/nekretnine/stan-vinkovci-53.00-m2-novogradnja-oglas-38459883
13,https://www.njuskalo.hr/nekretnine/114-vukovar-centar-m-drzica-17-s4-odlican-stan-65.38-m2-1-kat-par-oglas-41371779
14,https://www.njuskalo.hr/nekretnine/stan-vinkovci-66.09-m2-oglas-40769805
15,https://www.njuskalo.hr/nekretnine/stan-zupanja-93.00-m2-oglas-40042683
16,https://www.njuskalo.hr/nekretnine/vinkovci-blizina-centra-stan-oglas-41295873
17,https://www.njuskalo.hr/nekretnine/stan-68.22-m2-blizina-centra-grada-vinkovci-oglas-41478169
18,https://www.njuskalo.hr/nekretnine/125-vukovar-blage-zadre-175-2-predivan-trosoban-stan-69.40-m2-priz-oglas-41052739
19,https://www.njuskalo.hr/nekretnine/90-vukovar-j-j-strossmayera-5b-23-stan-68-m2-3-kat-zgradi-bez-li-oglas-35378017
20,https://www.njuskalo.hr/nekretnine/vukovar-prodaja-stan-67.18-m2-3-kat-odlicna-lokacija-oglas-39959295
21,https://www.njuskalo.hr/nekretnine/stan-centru-grada-pjesacka-zona-prodaja-oglas-34403995
22,https://www.njuskalo.hr/nekretnine/vinkovci-lapovci-stan-56-m-oglas-40603570
23,https://www.njuskalo.hr/nekretnine/vinkovci-centar-dvoetazni-stan-oglas-41002345
24,https://www.njuskalo.hr/nekretnine/zupanja-trosoban-stan-73.58-m2-oglas-37403108
25,https://www.njuskalo.hr/nekretnine/predivan-luksuzan-dvoetazni-stan-vinkovci-220-m2-prodaja-oglas-34403997
26,https://www.njuskalo.hr/nekretnine/vrbanja-stan-centru-60-m-oglas-40420394
27,https://www.njuskalo.hr/nekretnine/vukovar-samostojeca-kuca-dvoristem-oglas-42145689
28,https://www.njuskalo.hr/nekretnine/vinkovci-stan-58-m2-centar-oglas-42145504
29,https://www.njuskalo.hr/nekretnine/stan-120m2-centru-vinkovaca-oglas-42137003
30,https://www.njuskalo.hr/nekretnine/stan-vukovar-52.00-m2-oglas-42114957
31,https://www.njuskalo.hr/nekretnine/vukovar-centar-2.5-soban-luksuzni-stan-67-m2-prodaja-oglas-38062880
32,https://www.njuskalo.hr/nekretnine/prodajem-namjesten-trosoban-stan-zupanji-65-m-oglas-38251853
33,https://www.njuskalo.hr/nekretnine/beograd-stan-oglas-42013736
34,https://www.njuskalo.hr/nekretnine/stan-centru-vukovara-oglas-40003601
35,https://www.njuskalo.hr/nekretnine/stan-vukovar-89.00-m2-oglas-39995112
36,https://www.njuskalo.hr/nekretnine/sta-centru-vukovara-122.00-m2-oglas-40003733
37,https://www.njuskalo.hr/nekretnine/vinkovci-dvorisni-stan-oglas-40482692
38,https://www.njuskalo.hr/nekretnine/stan-81.53-m2-urbanoj-vili-vukovar-oglas-41942609
39,https://www.njuskalo.hr/nekretnine/stan-95.44-m2-urbanoj-vili-vukovar-oglas-41942608
40,https://www.njuskalo.hr/nekretnine/stan-82.23-m2-urbanoj-vili-vukovar-oglas-41942607
41,https://www.njuskalo.hr/nekretnine/stan-vukovar-56.24-m2-borovo-naselje-oglas-40690780
42,https://www.njuskalo.hr/nekretnine/ekskluzivno-stan-odlicnoj-lokaciji-centru-grada-oglas-41109319
43,https://www.njuskalo.hr/nekretnine/stan-zupanja-centar-93.77-m2-prodaja-oglas-41681794
44,https://www.njuskalo.hr/nekretnine/stan-vukovar-50.00-m2-oglas-40700872
45,https://www.njuskalo.hr/nekretnine/vinkovci-centar-dvorisni-stan-oglas-40906948
46,https://www.njuskalo.hr/nekretnine/stan-vinkovci-centar-pogledom-bosut-55.00-m2-novogradnja-oglas-37907745
47,https://www.njuskalo.hr/nekretnine/zadar-privlaka-moderan-stan-novogradnja-oglas-41309343
48,https://www.njuskalo.hr/nekretnine/stan-vinkovci-66.00-m2-oglas-41210662
49,https://www.njuskalo.hr/nekretnine/prodajem-stan-olajnici-ulaz-13-stan-prvom-katu-vukovar-centar-oglas-40370872
50,https://www.njuskalo.hr/nekretnine/stan-70-m2-centar-oglas-40286152
51,https://www.njuskalo.hr/nekretnine/prodajem-stan-vinkovcima-oglas-39726581
52,https://www.njuskalo.hr/nekretnine/stan-vinkovci-35.50-m2-oglas-39482617
