linenum,price,livingArea,lat,lng,county,city,neighborhood,flatBuildingtype,flatFloorCount,numberOfRooms,bathrooms with toilet,toilets,buildingFloorPosition,url
16,37000.0,75,45.292012468519275,18.803311518106266,Vukovarsko-srijemska,Vinkovci,Centar,1,1,3,1,1,0,https://www.njuskalo.hr/nekretnine/vinkovci-blizina-centra-stan-oglas-41295873
33,39900.0,27,45.025823310066,19.043980928652,Vukovarsko-srijemska,Nijemci,Lipovac,0,1,2,1,1,2,https://www.njuskalo.hr/nekretnine/beograd-stan-oglas-42013736
52,46000.0,35,45.2974546,18.8160926,Vukovarsko-srijemska,Vinkovci,Zagrebački Blok,0,1,2,1,1,1,https://www.njuskalo.hr/nekretnine/stan-vinkovci-35.50-m2-oglas-39482617
5,47000.0,54,45.374870153866,18.965086516182,Vukovarsko-srijemska,Vukovar,Borovo Naselje,0,2,3,1,1,0,https://www.njuskalo.hr/nekretnine/trosoban-stan-borovo-naselje-oglas-40065661
45,49000.0,48,45.292012468519275,18.803311518106266,Vukovarsko-srijemska,Vinkovci,Centar,1,1,4,1,1,0,https://www.njuskalo.hr/nekretnine/vinkovci-centar-dvorisni-stan-oglas-40906948
24,51000.0,73,45.079703135183046,18.71571694064044,Vukovarsko-srijemska,Županja,Županja,1,1,3,1,1,1,https://www.njuskalo.hr/nekretnine/zupanja-trosoban-stan-73.58-m2-oglas-37403108
10,52000.0,53,45.333406082468,18.993462324142,Vukovarsko-srijemska,Vukovar,Sajmište,0,2,2,1,1,0,https://www.njuskalo.hr/nekretnine/117-vukovar-vijeca-europe-1-1-odlican-dvoetazni-stan-53.80-m2-prize-oglas-39009258
2,53000.0,44,45.35547013948,18.99273276329,Vukovarsko-srijemska,Vukovar,Centar,0,1,2,1,1,4,https://www.njuskalo.hr/nekretnine/126-vukovar-olajnica-17-25-stan-44.20-m2-4-kat-bez-lifta-zatvoreno-oglas-41481257
3,53000.0,54,45.37734472606843,18.95613670349121,Vukovarsko-srijemska,Vukovar,Borovo Naselje,0,1,2,1,1,5,https://www.njuskalo.hr/nekretnine/119-vukovar-vijenac-rudera-boskovica-3-26-stan-54.50-m2-5-kat-zg-oglas-39690663
30,55000.0,52,45.35325367327488,18.99956382559308,Vukovarsko-srijemska,Vukovar,Olajnica,0,1,2,1,1,4,https://www.njuskalo.hr/nekretnine/stan-vukovar-52.00-m2-oglas-42114957
41,59000.0,56,45.377035736718,18.96057844162,Vukovarsko-srijemska,Vukovar,Borovo Naselje,1,2,3,1,1,0,https://www.njuskalo.hr/nekretnine/stan-vukovar-56.24-m2-borovo-naselje-oglas-40690780
21,62000.0,85,45.292012468519275,18.803311518106266,Vukovarsko-srijemska,Vinkovci,Centar,0,1,2,1,1,3,https://www.njuskalo.hr/nekretnine/stan-centru-grada-pjesacka-zona-prodaja-oglas-34403995
37,64000.0,64,45.290968251891,18.805034009802,Vukovarsko-srijemska,Vinkovci,Centar,1,1,2,1,1,0,https://www.njuskalo.hr/nekretnine/vinkovci-dvorisni-stan-oglas-40482692
19,65000.0,68,45.35246663213775,18.99906043974454,Vukovarsko-srijemska,Vukovar,Centar,0,1,2,1,1,3,https://www.njuskalo.hr/nekretnine/90-vukovar-j-j-strossmayera-5b-23-stan-68-m2-3-kat-zgradi-bez-li-oglas-35378017
50,70000.0,70,45.299133,18.80802,Vukovarsko-srijemska,Vinkovci,Centar,0,1,3,1,1,4,https://www.njuskalo.hr/nekretnine/stan-70-m2-centar-oglas-40286152
18,71000.0,69,45.37459390782963,18.95417332649231,Vukovarsko-srijemska,Vukovar,Borovo Naselje,0,1,3,1,1,0,https://www.njuskalo.hr/nekretnine/125-vukovar-blage-zadre-175-2-predivan-trosoban-stan-69.40-m2-priz-oglas-41052739
27,75000.0,90,45.354295803283534,18.995199026270402,Vukovarsko-srijemska,Vukovar,Centar,0,1,4,1,1,2,https://www.njuskalo.hr/nekretnine/vukovar-samostojeca-kuca-dvoristem-oglas-42145689
51,75000.0,62,45.303275043331,18.804997284435,Vukovarsko-srijemska,Vinkovci,Nazorov Blok,0,1,3,1,1,4,https://www.njuskalo.hr/nekretnine/prodajem-stan-vinkovcima-oglas-39726581
13,79500.0,65,45.35703827548252,18.99117708206177,Vukovarsko-srijemska,Vukovar,Centar,0,1,2,1,1,1,https://www.njuskalo.hr/nekretnine/114-vukovar-centar-m-drzica-17-s4-odlican-stan-65.38-m2-1-kat-par-oglas-41371779
48,80000.0,66,45.29387100313372,18.80478084102032,Vukovarsko-srijemska,Vinkovci,Centar,0,1,3,1,1,4,https://www.njuskalo.hr/nekretnine/stan-vinkovci-66.00-m2-oglas-41210662
14,82500.0,66,45.30707313821722,18.80563813439983,Vukovarsko-srijemska,Vinkovci,Kolodvor Kvart,0,1,3,1,1,3,https://www.njuskalo.hr/nekretnine/stan-vinkovci-66.09-m2-oglas-40769805
46,85000.0,55,45.288980439974,18.797564506531,Vukovarsko-srijemska,Vinkovci,Centar,0,1,2,1,1,3,https://www.njuskalo.hr/nekretnine/stan-vinkovci-centar-pogledom-bosut-55.00-m2-novogradnja-oglas-37907745
49,86000.0,72,45.352688098971,18.993655443192,Vukovarsko-srijemska,Vukovar,Centar,0,1,3,1,1,1,https://www.njuskalo.hr/nekretnine/prodajem-stan-olajnici-ulaz-13-stan-prvom-katu-vukovar-centar-oglas-40370872
9,86000.0,72,45.3532571,18.9938366,Vukovarsko-srijemska,Vukovar,Olajnica,0,1,2,1,1,1,https://www.njuskalo.hr/nekretnine/vukovar-prodaja-3-soban-stan-72-m2-1-kat-oglas-41103589
15,93000.0,93,45.07277808609404,18.6986231803894,Vukovarsko-srijemska,Županja,Županja,0,1,4,1,1,3,https://www.njuskalo.hr/nekretnine/stan-zupanja-93.00-m2-oglas-40042683
43,93000.0,93,45.071925204375134,18.695677532549364,Vukovarsko-srijemska,Županja,Županja,0,1,4,1,1,3,https://www.njuskalo.hr/nekretnine/stan-zupanja-centar-93.77-m2-prodaja-oglas-41681794
31,97000.0,67,45.35483663791901,19.007271743699903,Vukovarsko-srijemska,Vukovar,Centar,0,1,2,1,1,3,https://www.njuskalo.hr/nekretnine/vukovar-centar-2.5-soban-luksuzni-stan-67-m2-prodaja-oglas-38062880
42,98000.0,75,45.354295803283534,18.995199026270402,Vukovarsko-srijemska,Vukovar,Centar,0,1,3,1,1,1,https://www.njuskalo.hr/nekretnine/ekskluzivno-stan-odlicnoj-lokaciji-centru-grada-oglas-41109319
6,98000.0,257,45.290267614517,18.806535929662,Vukovarsko-srijemska,Vinkovci,Centar,1,1,4,2,1,2,https://www.njuskalo.hr/nekretnine/stan-vinkovci-centar-anina-ulica-257.00-m2-oglas-42052884
28,103750.0,57,45.292012468519275,18.803311518106266,Vukovarsko-srijemska,Vinkovci,Centar,0,1,2,1,1,2,https://www.njuskalo.hr/nekretnine/vinkovci-stan-58-m2-centar-oglas-42145504
32,113000.0,65,45.089066,18.740004,Vukovarsko-srijemska,Županja,Županja,0,1,3,1,1,1,https://www.njuskalo.hr/nekretnine/prodajem-namjesten-trosoban-stan-zupanji-65-m-oglas-38251853
12,114256.0,58,45.287893507046,18.793283700943,Vukovarsko-srijemska,Vinkovci,Centar,0,1,2,1,1,1,https://www.njuskalo.hr/nekretnine/stan-vinkovci-53.00-m2-novogradnja-oglas-38459883
8,119000.0,74,45.085043250263,18.728563049623,Vukovarsko-srijemska,Županja,Županja,0,1,3,1,1,2,https://www.njuskalo.hr/nekretnine/stan-zupanja-74.00-m2-oglas-41180442
1,140000.0,80,45.298876481789,18.807067744259,Vukovarsko-srijemska,Vinkovci,Nazorov Blok,0,1,3,1,2,2,https://www.njuskalo.hr/nekretnine/stan-vinkovci-80.26-m2-novogradnja-oglas-42212746
4,140000.0,71,45.29297346307321,18.807961638785564,Vukovarsko-srijemska,Vinkovci,Centar,0,2,3,1,1,2,https://www.njuskalo.hr/nekretnine/prodajem-stan-76.92-m2-strogi-centar-grada-oglas-41370924
35,147668.0,95,45.353955547426,18.992564912725,Vukovarsko-srijemska,Vukovar,Centar,0,1,4,1,1,2,https://www.njuskalo.hr/nekretnine/stan-vukovar-89.00-m2-oglas-39995112
40,147668.0,95,45.354295803283534,18.995199026270402,Vukovarsko-srijemska,Vukovar,Centar,1,1,4,1,1,1,https://www.njuskalo.hr/nekretnine/stan-82.23-m2-urbanoj-vili-vukovar-oglas-41942607
38,162030.0,98,45.354295803283534,18.995199026270402,Vukovarsko-srijemska,Vukovar,Centar,1,1,4,1,1,0,https://www.njuskalo.hr/nekretnine/stan-81.53-m2-urbanoj-vili-vukovar-oglas-41942609
34,162030.0,98,45.353955547426,18.992564912725,Vukovarsko-srijemska,Vukovar,Centar,0,1,4,1,1,2,https://www.njuskalo.hr/nekretnine/stan-centru-vukovara-oglas-40003601
29,190000.0,120,45.292012468519275,18.803311518106266,Vukovarsko-srijemska,Vinkovci,Centar,0,1,3,1,1,1,https://www.njuskalo.hr/nekretnine/stan-120m2-centru-vinkovaca-oglas-42137003
39,191680.0,119,45.354295803283534,18.995199026270402,Vukovarsko-srijemska,Vukovar,Centar,1,1,4,2,1,0,https://www.njuskalo.hr/nekretnine/stan-95.44-m2-urbanoj-vili-vukovar-oglas-41942608
36,193212.0,118,45.353955547426,18.992564912725,Vukovarsko-srijemska,Vukovar,Centar,0,1,4,2,1,2,https://www.njuskalo.hr/nekretnine/sta-centru-vukovara-122.00-m2-oglas-40003733
25,195000.0,220,45.292012468519275,18.803311518106266,Vukovarsko-srijemska,Vinkovci,Centar,0,1,5,1,1,1,https://www.njuskalo.hr/nekretnine/predivan-luksuzan-dvoetazni-stan-vinkovci-220-m2-prodaja-oglas-34403997
